Model,CV_Accuracy_Mean,CV_Accuracy_Std,Test_Accuracy
SVM,0.5698854606459396,0.004034743301574819,0.5263366336633664
RandomForest,0.9181493178530497,0.005491972371201093,0.8281188118811881
XGBoost,0.8919951538616683,0.00516866007383881,0.7643564356435644
